﻿<TaskRunner>
  <Timer interval="5000"></Timer>
  <Jobs>
    <Job name="Report File Merge" type ="ReportFileMerge" startTime ="20:03" >
      <Tasks>
        <Task name="FileSearch" type="FileSearch" onSuccess="QuitJob" onFailure="QuitJob">
          <Configurations>
            <Configuration name="InputFilePath" value =""></Configuration>
            <Configuration name="SubDirectories" value =""></Configuration>
          </Configurations>
        </Task>
        <Task name="ExcelFileMerge" type="ExcelFileMerge" onSuccess="ContinueToNextTask" onFailure="QuitJob">
          <Configurations>
            <Configuration name="OutputDirectory" value="{0}_Completed"></Configuration>
            <Configuration name="OutputFileNamePattern" value="{0}_{1}_SalesReports_{2}"></Configuration>
          </Configurations>
        </Task>
        <Task name="PDFFileMerge" type="PDFFileMerge" onSuccess="ContinueToNextTask" onFailure="QuitJob">
          <Configurations>
            <Configuration name="OutputDirectory" value="{0}_Completed"></Configuration>
            <Configuration name="OutputFileNamePattern" value="{0}_{1}_SalesReports_{2}"></Configuration>
          </Configurations>
        </Task>
        <Task name="Archive" type="Archive" onSuccess="ContinueToNextTask" onFailure="QuitJob">
          <Configurations>
            <Configuration name="ArchivalDirectory" value="Archive"></Configuration>
          </Configurations>
        </Task>
        <Task name="Delivery" type="Delivery" onSuccess="ContinueToNextTask" onFailure="QuitJob">
          <Configurations>
            <Configuration name="DeliveryType" value="Email"></Configuration>
            <Configuration name="Email" value="dhinesh886@gmail.com,dhinesh8586@gmail.com"></Configuration>
          </Configurations>
        </Task>
      </Tasks>
    </Job>
  </Jobs>
</TaskRunner>
